<?xml version="1.0" encoding="UTF-8"?>
<project-private xmlns="http://www.netbeans.org/ns/project-private/1">
    <editor-bookmarks xmlns="http://www.netbeans.org/ns/editor-bookmarks/2" lastBookmarkId="0"/>
    <open-files xmlns="http://www.netbeans.org/ns/projectui-open-files/2">
        <group>
            <file>file:/C:/Users/carme/Documents/EDP%202023/Clases%20de%20Practica/Clase%205/LSEO/ListaOrdenada%20(4)/ListaOrdenadaVuelos_1/src/listaordenada/Main.java</file>
            <file>file:/C:/Users/carme/Documents/EDP%202023/Clases%20de%20Practica/Clase%205/LSEO/ListaOrdenada%20(4)/ListaOrdenadaVuelos_1/src/Fecha/fecha.java</file>
            <file>file:/C:/Users/carme/Documents/EDP%202023/Clases%20de%20Practica/Clase%205/LSEO/ListaOrdenada%20(4)/ListaOrdenadaVuelos_1/src/listaordenada/Lista.java</file>
        </group>
    </open-files>
</project-private>
